[
    {
        "pk": 22, 
        "model": "auth.permission", 
        "fields": {
            "codename": "add_logentry", 
            "name": "Can add log entry", 
            "content_type": 8
        }
    }, 
    {
        "pk": 23, 
        "model": "auth.permission", 
        "fields": {
            "codename": "change_logentry", 
            "name": "Can change log entry", 
            "content_type": 8
        }
    }, 
    {
        "pk": 24, 
        "model": "auth.permission", 
        "fields": {
            "codename": "delete_logentry", 
            "name": "Can delete log entry", 
            "content_type": 8
        }
    }, 
    {
        "pk": 4, 
        "model": "auth.permission", 
        "fields": {
            "codename": "add_group", 
            "name": "Can add group", 
            "content_type": 2
        }
    }, 
    {
        "pk": 5, 
        "model": "auth.permission", 
        "fields": {
            "codename": "change_group", 
            "name": "Can change group", 
            "content_type": 2
        }
    }, 
    {
        "pk": 6, 
        "model": "auth.permission", 
        "fields": {
            "codename": "delete_group", 
            "name": "Can delete group", 
            "content_type": 2
        }
    }, 
    {
        "pk": 10, 
        "model": "auth.permission", 
        "fields": {
            "codename": "add_message", 
            "name": "Can add message", 
            "content_type": 4
        }
    }, 
    {
        "pk": 11, 
        "model": "auth.permission", 
        "fields": {
            "codename": "change_message", 
            "name": "Can change message", 
            "content_type": 4
        }
    }, 
    {
        "pk": 12, 
        "model": "auth.permission", 
        "fields": {
            "codename": "delete_message", 
            "name": "Can delete message", 
            "content_type": 4
        }
    }, 
    {
        "pk": 1, 
        "model": "auth.permission", 
        "fields": {
            "codename": "add_permission", 
            "name": "Can add permission", 
            "content_type": 1
        }
    }, 
    {
        "pk": 2, 
        "model": "auth.permission", 
        "fields": {
            "codename": "change_permission", 
            "name": "Can change permission", 
            "content_type": 1
        }
    }, 
    {
        "pk": 3, 
        "model": "auth.permission", 
        "fields": {
            "codename": "delete_permission", 
            "name": "Can delete permission", 
            "content_type": 1
        }
    }, 
    {
        "pk": 7, 
        "model": "auth.permission", 
        "fields": {
            "codename": "add_user", 
            "name": "Can add user", 
            "content_type": 3
        }
    }, 
    {
        "pk": 8, 
        "model": "auth.permission", 
        "fields": {
            "codename": "change_user", 
            "name": "Can change user", 
            "content_type": 3
        }
    }, 
    {
        "pk": 9, 
        "model": "auth.permission", 
        "fields": {
            "codename": "delete_user", 
            "name": "Can delete user", 
            "content_type": 3
        }
    }, 
    {
        "pk": 46, 
        "model": "auth.permission", 
        "fields": {
            "codename": "add_budget", 
            "name": "Can add Budget", 
            "content_type": 16
        }
    }, 
    {
        "pk": 47, 
        "model": "auth.permission", 
        "fields": {
            "codename": "change_budget", 
            "name": "Can change Budget", 
            "content_type": 16
        }
    }, 
    {
        "pk": 48, 
        "model": "auth.permission", 
        "fields": {
            "codename": "delete_budget", 
            "name": "Can delete Budget", 
            "content_type": 16
        }
    }, 
    {
        "pk": 49, 
        "model": "auth.permission", 
        "fields": {
            "codename": "add_budgetline", 
            "name": "Can add Lignes budg\u00e9taires", 
            "content_type": 17
        }
    }, 
    {
        "pk": 50, 
        "model": "auth.permission", 
        "fields": {
            "codename": "change_budgetline", 
            "name": "Can change Lignes budg\u00e9taires", 
            "content_type": 17
        }
    }, 
    {
        "pk": 51, 
        "model": "auth.permission", 
        "fields": {
            "codename": "delete_budgetline", 
            "name": "Can delete Lignes budg\u00e9taires", 
            "content_type": 17
        }
    }, 
    {
        "pk": 13, 
        "model": "auth.permission", 
        "fields": {
            "codename": "add_contenttype", 
            "name": "Can add content type", 
            "content_type": 5
        }
    }, 
    {
        "pk": 14, 
        "model": "auth.permission", 
        "fields": {
            "codename": "change_contenttype", 
            "name": "Can change content type", 
            "content_type": 5
        }
    }, 
    {
        "pk": 15, 
        "model": "auth.permission", 
        "fields": {
            "codename": "delete_contenttype", 
            "name": "Can delete content type", 
            "content_type": 5
        }
    }, 
    {
        "pk": 43, 
        "model": "auth.permission", 
        "fields": {
            "codename": "add_history", 
            "name": "Can add Historique", 
            "content_type": 15
        }
    }, 
    {
        "pk": 44, 
        "model": "auth.permission", 
        "fields": {
            "codename": "change_history", 
            "name": "Can change Historique", 
            "content_type": 15
        }
    }, 
    {
        "pk": 45, 
        "model": "auth.permission", 
        "fields": {
            "codename": "delete_history", 
            "name": "Can delete Historique", 
            "content_type": 15
        }
    }, 
    {
        "pk": 52, 
        "model": "auth.permission", 
        "fields": {
            "codename": "add_info", 
            "name": "Can add info", 
            "content_type": 18
        }
    }, 
    {
        "pk": 53, 
        "model": "auth.permission", 
        "fields": {
            "codename": "change_info", 
            "name": "Can change info", 
            "content_type": 18
        }
    }, 
    {
        "pk": 54, 
        "model": "auth.permission", 
        "fields": {
            "codename": "delete_info", 
            "name": "Can delete info", 
            "content_type": 18
        }
    }, 
    {
        "pk": 55, 
        "model": "auth.permission", 
        "fields": {
            "codename": "add_issue", 
            "name": "Can add Bug", 
            "content_type": 19
        }
    }, 
    {
        "pk": 56, 
        "model": "auth.permission", 
        "fields": {
            "codename": "change_issue", 
            "name": "Can change Bug", 
            "content_type": 19
        }
    }, 
    {
        "pk": 57, 
        "model": "auth.permission", 
        "fields": {
            "codename": "delete_issue", 
            "name": "Can delete Bug", 
            "content_type": 19
        }
    }, 
    {
        "pk": 37, 
        "model": "auth.permission", 
        "fields": {
            "codename": "add_order", 
            "name": "Can add Commande", 
            "content_type": 13
        }
    }, 
    {
        "pk": 38, 
        "model": "auth.permission", 
        "fields": {
            "codename": "change_order", 
            "name": "Can change Commande", 
            "content_type": 13
        }
    }, 
    {
        "pk": 39, 
        "model": "auth.permission", 
        "fields": {
            "codename": "delete_order", 
            "name": "Can delete Commande", 
            "content_type": 13
        }
    }, 
    {
        "pk": 40, 
        "model": "auth.permission", 
        "fields": {
            "codename": "add_orderitem", 
            "name": "Can add Item de commande", 
            "content_type": 14
        }
    }, 
    {
        "pk": 41, 
        "model": "auth.permission", 
        "fields": {
            "codename": "change_orderitem", 
            "name": "Can change Item de commande", 
            "content_type": 14
        }
    }, 
    {
        "pk": 42, 
        "model": "auth.permission", 
        "fields": {
            "codename": "delete_orderitem", 
            "name": "Can delete Item de commande", 
            "content_type": 14
        }
    }, 
    {
        "pk": 34, 
        "model": "auth.permission", 
        "fields": {
            "codename": "add_product", 
            "name": "Can add Produit", 
            "content_type": 12
        }
    }, 
    {
        "pk": 35, 
        "model": "auth.permission", 
        "fields": {
            "codename": "change_product", 
            "name": "Can change Produit", 
            "content_type": 12
        }
    }, 
    {
        "pk": 36, 
        "model": "auth.permission", 
        "fields": {
            "codename": "delete_product", 
            "name": "Can delete Produit", 
            "content_type": 12
        }
    }, 
    {
        "pk": 31, 
        "model": "auth.permission", 
        "fields": {
            "codename": "add_provider", 
            "name": "Can add Fournisseur", 
            "content_type": 11
        }
    }, 
    {
        "pk": 32, 
        "model": "auth.permission", 
        "fields": {
            "codename": "change_provider", 
            "name": "Can change Fournisseur", 
            "content_type": 11
        }
    }, 
    {
        "pk": 33, 
        "model": "auth.permission", 
        "fields": {
            "codename": "delete_provider", 
            "name": "Can delete Fournisseur", 
            "content_type": 11
        }
    }, 
    {
        "pk": 16, 
        "model": "auth.permission", 
        "fields": {
            "codename": "add_session", 
            "name": "Can add session", 
            "content_type": 6
        }
    }, 
    {
        "pk": 17, 
        "model": "auth.permission", 
        "fields": {
            "codename": "change_session", 
            "name": "Can change session", 
            "content_type": 6
        }
    }, 
    {
        "pk": 18, 
        "model": "auth.permission", 
        "fields": {
            "codename": "delete_session", 
            "name": "Can delete session", 
            "content_type": 6
        }
    }, 
    {
        "pk": 19, 
        "model": "auth.permission", 
        "fields": {
            "codename": "add_site", 
            "name": "Can add site", 
            "content_type": 7
        }
    }, 
    {
        "pk": 20, 
        "model": "auth.permission", 
        "fields": {
            "codename": "change_site", 
            "name": "Can change site", 
            "content_type": 7
        }
    }, 
    {
        "pk": 21, 
        "model": "auth.permission", 
        "fields": {
            "codename": "delete_site", 
            "name": "Can delete site", 
            "content_type": 7
        }
    }, 
    {
        "pk": 25, 
        "model": "auth.permission", 
        "fields": {
            "codename": "add_team", 
            "name": "Can add Equipe", 
            "content_type": 9
        }
    }, 
    {
        "pk": 26, 
        "model": "auth.permission", 
        "fields": {
            "codename": "change_team", 
            "name": "Can change Equipe", 
            "content_type": 9
        }
    }, 
    {
        "pk": 27, 
        "model": "auth.permission", 
        "fields": {
            "codename": "delete_team", 
            "name": "Can delete Equipe", 
            "content_type": 9
        }
    }, 
    {
        "pk": 28, 
        "model": "auth.permission", 
        "fields": {
            "codename": "add_teammember", 
            "name": "Can add Membre \u00e9quipe", 
            "content_type": 10
        }
    }, 
    {
        "pk": 29, 
        "model": "auth.permission", 
        "fields": {
            "codename": "change_teammember", 
            "name": "Can change Membre \u00e9quipe", 
            "content_type": 10
        }
    }, 
    {
        "pk": 30, 
        "model": "auth.permission", 
        "fields": {
            "codename": "delete_teammember", 
            "name": "Can delete Membre \u00e9quipe", 
            "content_type": 10
        }
    }, 
    {
        "pk": 39, 
        "model": "auth.user", 
        "fields": {
            "username": "suzanne", 
            "first_name": "Magali", 
            "last_name": "SUZANNE", 
            "is_active": true, 
            "is_superuser": false, 
            "is_staff": false, 
            "last_login": "2011-06-23 14:36:33", 
            "groups": [], 
            "user_permissions": [], 
            "password": "sha1$bd9a4$bc2ab09fe7041063402a911013b0a834510bfd1c", 
            "email": "msuzanne@cict.fr", 
            "date_joined": "2011-06-23 14:10:53"
        }
    }, 
    {
        "pk": 41, 
        "model": "auth.user", 
        "fields": {
            "username": "quaranta", 
            "first_name": "Muriel", 
            "last_name": "QUARANTA", 
            "is_active": true, 
            "is_superuser": false, 
            "is_staff": false, 
            "last_login": "2011-06-28 09:55:17", 
            "groups": [], 
            "user_permissions": [], 
            "password": "sha1$102df$4d791546b48ddbd321f68c95852123821bcfeb5e", 
            "email": "quaranta@cict.fr", 
            "date_joined": "2011-06-24 17:47:50"
        }
    }, 
    {
        "pk": 45, 
        "model": "auth.user", 
        "fields": {
            "username": "chailleux", 
            "first_name": "Catherine", 
            "last_name": "CHAILLEUX", 
            "is_active": true, 
            "is_superuser": false, 
            "is_staff": false, 
            "last_login": "2011-06-28 15:16:25", 
            "groups": [], 
            "user_permissions": [], 
            "password": "sha1$f4ff1$0e4e0dd6f00d9cebcda84fa10346a46bca091ab7", 
            "email": "chailleu@cict.fr", 
            "date_joined": "2011-06-27 08:56:23"
        }
    }, 
    {
        "pk": 46, 
        "model": "auth.user", 
        "fields": {
            "username": "briet", 
            "first_name": "Martine", 
            "last_name": "BRIET", 
            "is_active": true, 
            "is_superuser": false, 
            "is_staff": false, 
            "last_login": "2011-06-27 09:52:59", 
            "groups": [], 
            "user_permissions": [], 
            "password": "sha1$b039a$0e9b886544fae86889cd6ba89aad3ab142b13e02", 
            "email": "briet@cict.fr", 
            "date_joined": "2011-06-27 09:38:39"
        }
    }, 
    {
        "pk": 48, 
        "model": "auth.user", 
        "fields": {
            "username": "informatique", 
            "first_name": "", 
            "last_name": "INFORMATIQUE", 
            "is_active": true, 
            "is_superuser": false, 
            "is_staff": false, 
            "last_login": "2011-07-06 21:52:18", 
            "groups": [], 
            "user_permissions": [], 
            "password": "sha1$035d4$7b7ecb94c94af3860340faaa1f06cb5ed1d7ac49", 
            "email": "escaffit@cict.fr", 
            "date_joined": "2011-07-06 21:52:18"
        }
    }, 
    {
        "pk": 29, 
        "model": "auth.user", 
        "fields": {
            "username": "tournier", 
            "first_name": "Sylvie", 
            "last_name": "TOURNIER", 
            "is_active": true, 
            "is_superuser": false, 
            "is_staff": false, 
            "last_login": "2011-06-21 22:59:06", 
            "groups": [], 
            "user_permissions": [], 
            "password": "sha1$be9e3$562252bf4d256903a34ac4cfc51da49bc9ba2f52", 
            "email": "tournier@cict.fr", 
            "date_joined": "2011-06-21 22:59:06"
        }
    }, 
    {
        "pk": 38, 
        "model": "auth.user", 
        "fields": {
            "username": "djabali", 
            "first_name": "Malek", 
            "last_name": "DJABALI", 
            "is_active": true, 
            "is_superuser": false, 
            "is_staff": false, 
            "last_login": "2011-06-26 10:40:46", 
            "groups": [], 
            "user_permissions": [], 
            "password": "sha1$0274f$a8b6e8aa74f790d7b1ebe00f89ad6cfe065b9ff2", 
            "email": "djabali@cict.fr", 
            "date_joined": "2011-06-23 14:10:19"
        }
    }, 
    {
        "pk": 2, 
        "model": "auth.user", 
        "fields": {
            "username": "briois", 
            "first_name": "S\u00e9bastien", 
            "last_name": "BRIOIS", 
            "is_active": true, 
            "is_superuser": false, 
            "is_staff": true, 
            "last_login": "2011-09-14 10:41:20", 
            "groups": [], 
            "user_permissions": [], 
            "password": "sha1$cd5de$bfa125209af02e24440bd509debafb3c016bf751", 
            "email": "sbriois@cict.fr", 
            "date_joined": "2011-05-03 17:59:39"
        }
    }, 
    {
        "pk": 23, 
        "model": "auth.user", 
        "fields": {
            "username": "kandel", 
            "first_name": "S\u00e9bastien", 
            "last_name": "KANDEL", 
            "is_active": true, 
            "is_superuser": false, 
            "is_staff": false, 
            "last_login": "2011-07-07 23:47:13", 
            "groups": [], 
            "user_permissions": [], 
            "password": "sha1$46aca$fe3a90c8c90bd558572a0edab81fac4f6f1a7c16", 
            "email": "kandel@cict.fr", 
            "date_joined": "2011-06-21 18:15:16"
        }
    }, 
    {
        "pk": 51, 
        "model": "auth.user", 
        "fields": {
            "username": "juffroy", 
            "first_name": "Gwenaelle ", 
            "last_name": "JUFFROY", 
            "is_active": true, 
            "is_superuser": false, 
            "is_staff": false, 
            "last_login": "2011-07-08 14:25:46", 
            "groups": [], 
            "user_permissions": [], 
            "password": "sha1$2dde6$5283b3705c9fe6f17161e0c47a792ddaa68cc87e", 
            "email": "juffroy@cict.fr", 
            "date_joined": "2011-07-06 22:03:38"
        }
    }, 
    {
        "pk": 9, 
        "model": "auth.user", 
        "fields": {
            "username": "tristani", 
            "first_name": "M-Christine", 
            "last_name": "TRISTANI", 
            "is_active": true, 
            "is_superuser": false, 
            "is_staff": false, 
            "last_login": "2011-07-11 15:35:34", 
            "groups": [], 
            "user_permissions": [], 
            "password": "sha1$d1cff$346ba9cfbcdcdfe1ab45a45ecefb2f911fdcb641", 
            "email": "tristani@cict.fr", 
            "date_joined": "2011-05-03 17:59:40"
        }
    }, 
    {
        "pk": 10, 
        "model": "auth.user", 
        "fields": {
            "username": "lecomte", 
            "first_name": "Patricia", 
            "last_name": "LECOMTE", 
            "is_active": true, 
            "is_superuser": false, 
            "is_staff": false, 
            "last_login": "2011-07-11 12:01:52", 
            "groups": [], 
            "user_permissions": [], 
            "password": "sha1$e42c5$49dc096f0851d66eed8fd4b3cca79933226709ac", 
            "email": "lecomte@cict.fr", 
            "date_joined": "2011-05-03 17:59:40"
        }
    }, 
    {
        "pk": 24, 
        "model": "auth.user", 
        "fields": {
            "username": "legube", 
            "first_name": "Ga\u00eblle", 
            "last_name": "LEGUBE", 
            "is_active": true, 
            "is_superuser": false, 
            "is_staff": false, 
            "last_login": "2011-07-11 12:02:43", 
            "groups": [], 
            "user_permissions": [], 
            "password": "sha1$e1333$a42ed64bc6aa2a22280cae5a4a8c617b297854b5", 
            "email": "legube@cict.fr", 
            "date_joined": "2011-06-21 18:15:53"
        }
    }, 
    {
        "pk": 47, 
        "model": "auth.user", 
        "fields": {
            "username": "validcom", 
            "first_name": "Validateur", 
            "last_name": "COMMUN", 
            "is_active": true, 
            "is_superuser": false, 
            "is_staff": false, 
            "last_login": "2011-07-08 13:09:18", 
            "groups": [], 
            "user_permissions": [], 
            "password": "sha1$a62a1$e2561fbad94f7acd8262f3414cbdb767401fdf7a", 
            "email": "canitrot@cict.fr", 
            "date_joined": "2011-07-06 21:49:29"
        }
    }, 
    {
        "pk": 52, 
        "model": "auth.user", 
        "fields": {
            "username": "acmo", 
            "first_name": "", 
            "last_name": "ACMO", 
            "is_active": true, 
            "is_superuser": false, 
            "is_staff": false, 
            "last_login": "2011-07-08 13:08:34", 
            "groups": [], 
            "user_permissions": [], 
            "password": "sha1$62f09$079a5008f03b5f7ccdbd32bf10110a72f2841f0d", 
            "email": "quaranta@cict.fr", 
            "date_joined": "2011-07-08 13:08:34"
        }
    }, 
    {
        "pk": 53, 
        "model": "auth.user", 
        "fields": {
            "username": "pcr", 
            "first_name": "", 
            "last_name": "PCR", 
            "is_active": true, 
            "is_superuser": false, 
            "is_staff": false, 
            "last_login": "2011-07-08 13:08:59", 
            "groups": [], 
            "user_permissions": [], 
            "password": "sha1$d31f1$d7bb3c12e8b22996fd8adc799d81083fb73e4bdc", 
            "email": "daburon@cict.fr", 
            "date_joined": "2011-07-08 13:08:59"
        }
    }, 
    {
        "pk": 49, 
        "model": "auth.user", 
        "fields": {
            "username": "larrey", 
            "first_name": "Colette", 
            "last_name": "LARREY", 
            "is_active": true, 
            "is_superuser": false, 
            "is_staff": false, 
            "last_login": "2011-07-06 21:53:10", 
            "groups": [], 
            "user_permissions": [], 
            "password": "sha1$0c3b8$72325fdcb0de80a2a037d1e6aba621a3fc790edd", 
            "email": "larrey@cict.fr", 
            "date_joined": "2011-07-06 21:53:10"
        }
    }, 
    {
        "pk": 18, 
        "model": "auth.user", 
        "fields": {
            "username": "culture", 
            "first_name": "", 
            "last_name": "CULTURE", 
            "is_active": true, 
            "is_superuser": false, 
            "is_staff": false, 
            "last_login": "2011-07-07 22:53:08", 
            "groups": [], 
            "user_permissions": [], 
            "password": "sha1$bea06$9e5af0a1878687be79722fb7f2ca3852dbf1a2c8", 
            "email": "chailleu@cict.fr", 
            "date_joined": "2011-06-21 18:04:35"
        }
    }, 
    {
        "pk": 50, 
        "model": "auth.user", 
        "fields": {
            "username": "validmicr", 
            "first_name": "Validateur", 
            "last_name": "MICROSCOPIE", 
            "is_active": true, 
            "is_superuser": false, 
            "is_staff": false, 
            "last_login": "2011-07-07 22:49:05", 
            "groups": [], 
            "user_permissions": [], 
            "password": "sha1$ba30d$70215ee46b547e6b0cadfd1cf1e4415b7a2fc292", 
            "email": "dtrouche@cict.fr", 
            "date_joined": "2011-07-06 21:56:25"
        }
    }, 
    {
        "pk": 19, 
        "model": "auth.user", 
        "fields": {
            "username": "microscopie", 
            "first_name": "", 
            "last_name": "MICROSCOPIE", 
            "is_active": true, 
            "is_superuser": false, 
            "is_staff": false, 
            "last_login": "2011-07-07 22:59:19", 
            "groups": [], 
            "user_permissions": [], 
            "password": "sha1$64f64$c62032b931a3d96ddca98936a6b15d923cd0084a", 
            "email": "tmangeat@cict.fr", 
            "date_joined": "2011-06-21 18:07:22"
        }
    }, 
    {
        "pk": 25, 
        "model": "auth.user", 
        "fields": {
            "username": "admin", 
            "first_name": "", 
            "last_name": "ADMINISTRATEUR", 
            "is_active": true, 
            "is_superuser": false, 
            "is_staff": false, 
            "last_login": "2011-09-14 13:52:07", 
            "groups": [], 
            "user_permissions": [], 
            "password": "sha1$0924a$b5939ff4f4982a0ae5a89633d53572cfd705401e", 
            "email": "escaffit@cict.fr", 
            "date_joined": "2011-06-21 18:28:56"
        }
    }, 
    {
        "pk": 54, 
        "model": "auth.user", 
        "fields": {
            "username": "canitrot", 
            "first_name": "Yvan", 
            "last_name": "CANITROT", 
            "is_active": true, 
            "is_superuser": false, 
            "is_staff": false, 
            "last_login": "2011-09-14 13:44:13", 
            "groups": [], 
            "user_permissions": [], 
            "password": "sha1$8d36b$19d15fc5fff3eb35336a9678469b03c825cc5598", 
            "email": "canitrot@cict.fr", 
            "date_joined": "2011-09-14 13:44:13"
        }
    }, 
    {
        "pk": 61, 
        "model": "auth.user", 
        "fields": {
            "username": "courilleau", 
            "first_name": "C\u00e9line", 
            "last_name": "COURILLEAU", 
            "is_active": true, 
            "is_superuser": false, 
            "is_staff": false, 
            "last_login": "2011-09-14 13:51:24", 
            "groups": [], 
            "user_permissions": [], 
            "password": "sha1$853d2$b2b9ff7c9ff706124101c718971b92d282978cc6", 
            "email": "couril@cict.fr", 
            "date_joined": "2011-09-14 13:51:24"
        }
    }, 
    {
        "pk": 55, 
        "model": "auth.user", 
        "fields": {
            "username": "grezy", 
            "first_name": "Aude", 
            "last_name": "GR\u00c9ZY", 
            "is_active": true, 
            "is_superuser": false, 
            "is_staff": false, 
            "last_login": "2011-09-14 13:45:04", 
            "groups": [], 
            "user_permissions": [], 
            "password": "sha1$718e4$589e9b48cfc3c2ea296e4e342488f782005a835f", 
            "email": "agrezy@cict.fr", 
            "date_joined": "2011-09-14 13:45:04"
        }
    }, 
    {
        "pk": 58, 
        "model": "auth.user", 
        "fields": {
            "username": "lazorthes", 
            "first_name": "Sandra", 
            "last_name": "LAZORTHES", 
            "is_active": true, 
            "is_superuser": false, 
            "is_staff": false, 
            "last_login": "2011-09-14 13:47:38", 
            "groups": [], 
            "user_permissions": [], 
            "password": "sha1$e15f5$9207af85c9f96e2f4fc449ccbc2a227d93b766d4", 
            "email": "lazorthe@cict.fr", 
            "date_joined": "2011-09-14 13:47:38"
        }
    }, 
    {
        "pk": 59, 
        "model": "auth.user", 
        "fields": {
            "username": "nicolas", 
            "first_name": "Estelle", 
            "last_name": "NICOLAS", 
            "is_active": true, 
            "is_superuser": false, 
            "is_staff": false, 
            "last_login": "2011-09-14 13:48:08", 
            "groups": [], 
            "user_permissions": [], 
            "password": "sha1$f0a47$295574c6660a0b20dbdaf34a09cc405349923c9f", 
            "email": "nicolas@cict.fr", 
            "date_joined": "2011-09-14 13:48:08"
        }
    }, 
    {
        "pk": 57, 
        "model": "auth.user", 
        "fields": {
            "username": "salifou", 
            "first_name": "Kader", 
            "last_name": "SALIFOU", 
            "is_active": true, 
            "is_superuser": false, 
            "is_staff": false, 
            "last_login": "2011-09-14 13:47:09", 
            "groups": [], 
            "user_permissions": [], 
            "password": "sha1$8475d$36b8ac2cd8ffb0ac51182d4464acad3ecffe3ae7", 
            "email": "ksalifou@cict.fr", 
            "date_joined": "2011-09-14 13:47:09"
        }
    }, 
    {
        "pk": 56, 
        "model": "auth.user", 
        "fields": {
            "username": "vandromme", 
            "first_name": "Marie", 
            "last_name": "VANDROMME", 
            "is_active": true, 
            "is_superuser": false, 
            "is_staff": false, 
            "last_login": "2011-09-14 13:46:37", 
            "groups": [], 
            "user_permissions": [], 
            "password": "sha1$6e8b5$6604672a258087a33acc8ffda7023c307880ac44", 
            "email": "vandrome@cict.fr", 
            "date_joined": "2011-09-14 13:46:37"
        }
    }, 
    {
        "pk": 15, 
        "model": "auth.user", 
        "fields": {
            "username": "escaffit", 
            "first_name": "Fabrice", 
            "last_name": "ESCAFFIT", 
            "is_active": true, 
            "is_superuser": false, 
            "is_staff": true, 
            "last_login": "2011-09-14 13:49:11", 
            "groups": [], 
            "user_permissions": [], 
            "password": "sha1$c41a5$2b39439cac2956e08c612caa0a16e0125d5195c0", 
            "email": "escaffit@cict.fr", 
            "date_joined": "2011-06-21 17:49:20"
        }
    }, 
    {
        "pk": 60, 
        "model": "auth.user", 
        "fields": {
            "username": "david", 
            "first_name": "Marion", 
            "last_name": "DAVID", 
            "is_active": true, 
            "is_superuser": false, 
            "is_staff": false, 
            "last_login": "2011-09-14 13:48:46", 
            "groups": [], 
            "user_permissions": [], 
            "password": "sha1$7a121$702cb6ff05f011590ee4d968d11223d04c52c917", 
            "email": "escaffit@cict.fr", 
            "date_joined": "2011-09-14 13:48:46"
        }
    }, 
    {
        "pk": 62, 
        "model": "auth.user", 
        "fields": {
            "username": "verrier", 
            "first_name": "Laure", 
            "last_name": "VERRIER", 
            "is_active": true, 
            "is_superuser": false, 
            "is_staff": false, 
            "last_login": "2011-09-14 13:51:50", 
            "groups": [], 
            "user_permissions": [], 
            "password": "sha1$a5bb6$6a56e9cc0ec77ffd09dbc94ed577cdce3fb29baf", 
            "email": "verrier@cict.fr", 
            "date_joined": "2011-09-14 13:51:50"
        }
    }, 
    {
        "pk": 3, 
        "model": "auth.user", 
        "fields": {
            "username": "trouche", 
            "first_name": "Didier", 
            "last_name": "TROUCHE", 
            "is_active": true, 
            "is_superuser": false, 
            "is_staff": false, 
            "last_login": "2011-09-15 09:33:58", 
            "groups": [], 
            "user_permissions": [], 
            "password": "sha1$b963c$73ee125b2429230e14443730ddbb7b7850cbe32f", 
            "email": "dtrouche@cict.fr", 
            "date_joined": "2011-05-03 17:59:39"
        }
    }, 
    {
        "pk": 1, 
        "model": "auth.user", 
        "fields": {
            "username": "super-user", 
            "first_name": "", 
            "last_name": "ADMINISTRATEUR", 
            "is_active": true, 
            "is_superuser": true, 
            "is_staff": true, 
            "last_login": "2011-09-15 09:34:52", 
            "groups": [], 
            "user_permissions": [], 
            "password": "sha1$1b0a1$59f772dd4d9b642431bbad59eaffa01133852431", 
            "email": "sbriois@cict.fr", 
            "date_joined": "2011-05-03 17:59:39"
        }
    },
    {
        "pk": 14, 
        "model": "team.team", 
        "fields": {
            "fullname": "ADMINISTRATEURS", 
            "is_active": true, 
            "name": "ADMIN"
        }
    }, 
    {
        "pk": 5, 
        "model": "team.team", 
        "fields": {
            "fullname": "DJABALI", 
            "is_active": true, 
            "name": "DJABALI"
        }
    }, 
    {
        "pk": 3, 
        "model": "team.team", 
        "fields": {
            "fullname": "GESTION", 
            "is_active": true, 
            "name": "GESTION"
        }
    }, 
    {
        "pk": 2, 
        "model": "team.team", 
        "fields": {
            "fullname": "LEGUBE", 
            "is_active": true, 
            "name": "LEGUBE"
        }
    }, 
    {
        "pk": 15, 
        "model": "team.team", 
        "fields": {
            "fullname": "- Service COMMUN", 
            "is_active": true, 
            "name": "- SCOMM"
        }
    }, 
    {
        "pk": 8, 
        "model": "team.team", 
        "fields": {
            "fullname": "- Service CULTURE", 
            "is_active": true, 
            "name": "- SCULT"
        }
    }, 
    {
        "pk": 9, 
        "model": "team.team", 
        "fields": {
            "fullname": "- Service MICROSCOPIE", 
            "is_active": true, 
            "name": "- SMICR"
        }
    }, 
    {
        "pk": 6, 
        "model": "team.team", 
        "fields": {
            "fullname": "SUZANNE", 
            "is_active": true, 
            "name": "SUZANNE"
        }
    }, 
    {
        "pk": 4, 
        "model": "team.team", 
        "fields": {
            "fullname": "TOURNIER", 
            "is_active": true, 
            "name": "TOURNIER"
        }
    }, 
    {
        "pk": 1, 
        "model": "team.team", 
        "fields": {
            "fullname": "TROUCHE", 
            "is_active": true, 
            "name": "TROUCHE"
        }
    }, 
    {
        "pk": 25, 
        "model": "team.teammember", 
        "fields": {
            "user": 25, 
            "member_type": 3, 
            "team": 14
        }
    }, 
    {
        "pk": 1, 
        "model": "team.teammember", 
        "fields": {
            "user": 1, 
            "member_type": 0, 
            "team": 14
        }
    }, 
    {
        "pk": 38, 
        "model": "team.teammember", 
        "fields": {
            "user": 38, 
            "member_type": 2, 
            "team": 5
        }
    }, 
    {
        "pk": 23, 
        "model": "team.teammember", 
        "fields": {
            "user": 23, 
            "member_type": 5, 
            "team": 3
        }
    }, 
    {
        "pk": 50, 
        "model": "team.teammember", 
        "fields": {
            "user": 51, 
            "member_type": 4, 
            "team": 3
        }
    }, 
    {
        "pk": 9, 
        "model": "team.teammember", 
        "fields": {
            "user": 9, 
            "member_type": 4, 
            "team": 3
        }
    }, 
    {
        "pk": 10, 
        "model": "team.teammember", 
        "fields": {
            "user": 10, 
            "member_type": 1, 
            "team": 3
        }
    }, 
    {
        "pk": 24, 
        "model": "team.teammember", 
        "fields": {
            "user": 24, 
            "member_type": 2, 
            "team": 2
        }
    }, 
    {
        "pk": 46, 
        "model": "team.teammember", 
        "fields": {
            "user": 47, 
            "member_type": 2, 
            "team": 15
        }
    }, 
    {
        "pk": 51, 
        "model": "team.teammember", 
        "fields": {
            "user": 52, 
            "member_type": 0, 
            "team": 15
        }
    }, 
    {
        "pk": 47, 
        "model": "team.teammember", 
        "fields": {
            "user": 48, 
            "member_type": 0, 
            "team": 15
        }
    }, 
    {
        "pk": 48, 
        "model": "team.teammember", 
        "fields": {
            "user": 49, 
            "member_type": 0, 
            "team": 15
        }
    }, 
    {
        "pk": 52, 
        "model": "team.teammember", 
        "fields": {
            "user": 53, 
            "member_type": 0, 
            "team": 15
        }
    }, 
    {
        "pk": 18, 
        "model": "team.teammember", 
        "fields": {
            "user": 18, 
            "member_type": 2, 
            "team": 8
        }
    }, 
    {
        "pk": 49, 
        "model": "team.teammember", 
        "fields": {
            "user": 50, 
            "member_type": 2, 
            "team": 9
        }
    }, 
    {
        "pk": 19, 
        "model": "team.teammember", 
        "fields": {
            "user": 19, 
            "member_type": 0, 
            "team": 9
        }
    }, 
    {
        "pk": 39, 
        "model": "team.teammember", 
        "fields": {
            "user": 39, 
            "member_type": 2, 
            "team": 6
        }
    }, 
    {
        "pk": 29, 
        "model": "team.teammember", 
        "fields": {
            "user": 29, 
            "member_type": 2, 
            "team": 4
        }
    }, 
    {
        "pk": 3, 
        "model": "team.teammember", 
        "fields": {
            "user": 3, 
            "member_type": 5, 
            "team": 1
        }
    }, 
    {
        "pk": 45, 
        "model": "team.teammember", 
        "fields": {
            "user": 46, 
            "member_type": 0, 
            "team": 1
        }
    }, 
    {
        "pk": 2, 
        "model": "team.teammember", 
        "fields": {
            "user": 2, 
            "member_type": 0, 
            "team": 1
        }
    }, 
    {
        "pk": 53, 
        "model": "team.teammember", 
        "fields": {
            "user": 54, 
            "member_type": 0, 
            "team": 1
        }
    }, 
    {
        "pk": 44, 
        "model": "team.teammember", 
        "fields": {
            "user": 45, 
            "member_type": 0, 
            "team": 1
        }
    }, 
    {
        "pk": 60, 
        "model": "team.teammember", 
        "fields": {
            "user": 61, 
            "member_type": 0, 
            "team": 1
        }
    }, 
    {
        "pk": 59, 
        "model": "team.teammember", 
        "fields": {
            "user": 60, 
            "member_type": 0, 
            "team": 1
        }
    }, 
    {
        "pk": 15, 
        "model": "team.teammember", 
        "fields": {
            "user": 15, 
            "member_type": 0, 
            "team": 1
        }
    }, 
    {
        "pk": 54, 
        "model": "team.teammember", 
        "fields": {
            "user": 55, 
            "member_type": 0, 
            "team": 1
        }
    }, 
    {
        "pk": 57, 
        "model": "team.teammember", 
        "fields": {
            "user": 58, 
            "member_type": 0, 
            "team": 1
        }
    }, 
    {
        "pk": 58, 
        "model": "team.teammember", 
        "fields": {
            "user": 59, 
            "member_type": 0, 
            "team": 1
        }
    }, 
    {
        "pk": 41, 
        "model": "team.teammember", 
        "fields": {
            "user": 41, 
            "member_type": 0, 
            "team": 1
        }
    }, 
    {
        "pk": 56, 
        "model": "team.teammember", 
        "fields": {
            "user": 57, 
            "member_type": 0, 
            "team": 1
        }
    }, 
    {
        "pk": 55, 
        "model": "team.teammember", 
        "fields": {
            "user": 56, 
            "member_type": 0, 
            "team": 1
        }
    }, 
    {
        "pk": 61, 
        "model": "team.teammember", 
        "fields": {
            "user": 62, 
            "member_type": 0, 
            "team": 1
        }
    }
]
