[
    {
        "pk": 7, 
        "model": "auth.user", 
        "fields": {
            "username": "bugler", 
            "first_name": "B\u00e9atrix", 
            "last_name": "BUGLER", 
            "is_active": true, 
            "is_superuser": false, 
            "is_staff": false, 
            "last_login": "2011-06-10 23:42:07", 
            "groups": [], 
            "user_permissions": [], 
            "password": "sha1$688d9$87ceeaa2a70a3cce7c6520a06acf355d005886c8", 
            "email": "escaffit@cict.fr", 
            "date_joined": "2011-05-03 17:59:40"
        }
    }, 
    {
        "pk": 18, 
        "model": "auth.user", 
        "fields": {
            "username": "culture", 
            "first_name": "", 
            "last_name": "", 
            "is_active": true, 
            "is_superuser": false, 
            "is_staff": false, 
            "last_login": "2011-06-21 18:04:35", 
            "groups": [], 
            "user_permissions": [], 
            "password": "sha1$bea06$9e5af0a1878687be79722fb7f2ca3852dbf1a2c8", 
            "email": "escaffit@cict.fr", 
            "date_joined": "2011-06-21 18:04:35"
        }
    }, 
    {
        "pk": 29, 
        "model": "auth.user", 
        "fields": {
            "username": "tournier", 
            "first_name": "Sylvie", 
            "last_name": "TOURNIER", 
            "is_active": true, 
            "is_superuser": false, 
            "is_staff": false, 
            "last_login": "2011-06-21 22:59:06", 
            "groups": [], 
            "user_permissions": [], 
            "password": "sha1$be9e3$562252bf4d256903a34ac4cfc51da49bc9ba2f52", 
            "email": "escaffit@cict.fr", 
            "date_joined": "2011-06-21 22:59:06"
        }
    }, 
    {
        "pk": 19, 
        "model": "auth.user", 
        "fields": {
            "username": "microscopie", 
            "first_name": "", 
            "last_name": "", 
            "is_active": true, 
            "is_superuser": false, 
            "is_staff": false, 
            "last_login": "2011-06-21 18:07:22", 
            "groups": [], 
            "user_permissions": [], 
            "password": "sha1$64f64$c62032b931a3d96ddca98936a6b15d923cd0084a", 
            "email": "escaffit@cict.fr", 
            "date_joined": "2011-06-21 18:07:22"
        }
    }, 
    {
        "pk": 20, 
        "model": "auth.user", 
        "fields": {
            "username": "reserve", 
            "first_name": "", 
            "last_name": "", 
            "is_active": true, 
            "is_superuser": false, 
            "is_staff": false, 
            "last_login": "2011-06-21 18:07:57", 
            "groups": [], 
            "user_permissions": [], 
            "password": "sha1$08dc0$0690bba973cce6f102cde2e84ef9801546bf172a", 
            "email": "escaffit@cict.fr", 
            "date_joined": "2011-06-21 18:07:57"
        }
    }, 
    {
        "pk": 8, 
        "model": "auth.user", 
        "fields": {
            "username": "caron", 
            "first_name": "Pierre", 
            "last_name": "CARON", 
            "is_active": true, 
            "is_superuser": false, 
            "is_staff": false, 
            "last_login": "2011-06-22 14:01:38", 
            "groups": [], 
            "user_permissions": [], 
            "password": "sha1$e838e$a2e330b15b30783e68af702f6ac7ffa117946379", 
            "email": "escaffit@cict.fr", 
            "date_joined": "2011-05-03 17:59:40"
        }
    }, 
    {
        "pk": 2, 
        "model": "auth.user", 
        "fields": {
            "username": "briois", 
            "first_name": "S\u00e9bastien", 
            "last_name": "BRIOIS", 
            "is_active": true, 
            "is_superuser": false, 
            "is_staff": false, 
            "last_login": "2011-06-22 12:28:00", 
            "groups": [], 
            "user_permissions": [], 
            "password": "sha1$cd5de$bfa125209af02e24440bd509debafb3c016bf751", 
            "email": "sbriois@cict.fr", 
            "date_joined": "2011-05-03 17:59:39"
        }
    }, 
    {
        "pk": 24, 
        "model": "auth.user", 
        "fields": {
            "username": "legube", 
            "first_name": "Ga\u00eblle", 
            "last_name": "LEGUBE", 
            "is_active": true, 
            "is_superuser": false, 
            "is_staff": false, 
            "last_login": "2011-06-22 12:16:32", 
            "groups": [], 
            "user_permissions": [], 
            "password": "sha1$e1333$a42ed64bc6aa2a22280cae5a4a8c617b297854b5", 
            "email": "escaffit@cict.fr", 
            "date_joined": "2011-06-21 18:15:53"
        }
    }, 
    {
        "pk": 21, 
        "model": "auth.user", 
        "fields": {
            "username": "informatique", 
            "first_name": "", 
            "last_name": "", 
            "is_active": true, 
            "is_superuser": false, 
            "is_staff": false, 
            "last_login": "2011-06-21 18:08:20", 
            "groups": [], 
            "user_permissions": [], 
            "password": "sha1$2daec$10ef58e93fe5188521dc9bb985cc0248443e432b", 
            "email": "escaffit@cict.fr", 
            "date_joined": "2011-06-21 18:08:20"
        }
    }, 
    {
        "pk": 22, 
        "model": "auth.user", 
        "fields": {
            "username": "laverie-prep", 
            "first_name": "", 
            "last_name": "", 
            "is_active": true, 
            "is_superuser": false, 
            "is_staff": false, 
            "last_login": "2011-06-21 18:08:57", 
            "groups": [], 
            "user_permissions": [], 
            "password": "sha1$c3e27$4228e6c6ff1c1b32a58ed88f01139f3f8b39b3f0", 
            "email": "escaffit@cict.fr", 
            "date_joined": "2011-06-21 18:08:57"
        }
    }, 
    {
        "pk": 10, 
        "model": "auth.user", 
        "fields": {
            "username": "lecomte", 
            "first_name": "Patricia", 
            "last_name": "LECOMTE", 
            "is_active": true, 
            "is_superuser": false, 
            "is_staff": false, 
            "last_login": "2011-05-03 17:59:40", 
            "groups": [], 
            "user_permissions": [], 
            "password": "sha1$e42c5$49dc096f0851d66eed8fd4b3cca79933226709ac", 
            "email": "escaffit@cict.fr", 
            "date_joined": "2011-05-03 17:59:40"
        }
    }, 
    {
        "pk": 23, 
        "model": "auth.user", 
        "fields": {
            "username": "kandel", 
            "first_name": "S\u00e9bastien", 
            "last_name": "KANDEL", 
            "is_active": true, 
            "is_superuser": false, 
            "is_staff": false, 
            "last_login": "2011-06-22 11:22:19", 
            "groups": [], 
            "user_permissions": [], 
            "password": "sha1$46aca$fe3a90c8c90bd558572a0edab81fac4f6f1a7c16", 
            "email": "escaffit@cict.fr", 
            "date_joined": "2011-06-21 18:15:16"
        }
    }, 
    {
        "pk": 38, 
        "model": "auth.user", 
        "fields": {
            "username": "djabali", 
            "first_name": "Malek", 
            "last_name": "DJABALI", 
            "is_active": true, 
            "is_superuser": false, 
            "is_staff": false, 
            "last_login": "2011-06-23 14:28:14", 
            "groups": [], 
            "user_permissions": [], 
            "password": "sha1$0274f$a8b6e8aa74f790d7b1ebe00f89ad6cfe065b9ff2", 
            "email": "escaffit@cict.fr", 
            "date_joined": "2011-06-23 14:10:19"
        }
    }, 
    {
        "pk": 36, 
        "model": "auth.user", 
        "fields": {
            "username": "grezy", 
            "first_name": "Aude", 
            "last_name": "GREZY", 
            "is_active": true, 
            "is_superuser": false, 
            "is_staff": false, 
            "last_login": "2011-06-23 12:09:02", 
            "groups": [], 
            "user_permissions": [], 
            "password": "sha1$e689f$997de0d8d1080c24ab875a1e931b22701778bd25", 
            "email": "agrezy@cict.fr", 
            "date_joined": "2011-06-22 13:33:16"
        }
    }, 
    {
        "pk": 15, 
        "model": "auth.user", 
        "fields": {
            "username": "escaffit", 
            "first_name": "Fabrice", 
            "last_name": "ESCAFFIT", 
            "is_active": true, 
            "is_superuser": false, 
            "is_staff": true, 
            "last_login": "2011-06-23 14:30:11", 
            "groups": [], 
            "user_permissions": [], 
            "password": "sha1$c41a5$2b39439cac2956e08c612caa0a16e0125d5195c0", 
            "email": "escaffit@cict.fr", 
            "date_joined": "2011-06-21 17:49:20"
        }
    }, 
    {
        "pk": 3, 
        "model": "auth.user", 
        "fields": {
            "username": "trouche", 
            "first_name": "Didier", 
            "last_name": "TROUCHE", 
            "is_active": true, 
            "is_superuser": false, 
            "is_staff": false, 
            "last_login": "2011-06-23 14:31:44", 
            "groups": [], 
            "user_permissions": [], 
            "password": "sha1$b963c$73ee125b2429230e14443730ddbb7b7850cbe32f", 
            "email": "escaffit@cict.fr", 
            "date_joined": "2011-05-03 17:59:39"
        }
    }, 
    {
        "pk": 39, 
        "model": "auth.user", 
        "fields": {
            "username": "suzanne", 
            "first_name": "Magali", 
            "last_name": "SUZANNE", 
            "is_active": true, 
            "is_superuser": false, 
            "is_staff": false, 
            "last_login": "2011-06-23 14:36:33", 
            "groups": [], 
            "user_permissions": [], 
            "password": "sha1$bd9a4$bc2ab09fe7041063402a911013b0a834510bfd1c", 
            "email": "msuzanne@cict.fr", 
            "date_joined": "2011-06-23 14:10:53"
        }
    }, 
    {
        "pk": 9, 
        "model": "auth.user", 
        "fields": {
            "username": "tristani", 
            "first_name": "M-Christine", 
            "last_name": "TRISTANI", 
            "is_active": true, 
            "is_superuser": false, 
            "is_staff": false, 
            "last_login": "2011-06-23 14:40:26", 
            "groups": [], 
            "user_permissions": [], 
            "password": "sha1$d1cff$346ba9cfbcdcdfe1ab45a45ecefb2f911fdcb641", 
            "email": "escaffit@cict.fr", 
            "date_joined": "2011-05-03 17:59:40"
        }
    }, 
    {
        "pk": 1, 
        "model": "auth.user", 
        "fields": {
            "username": "super-user", 
            "first_name": "", 
            "last_name": "ADMINISTRATEUR", 
            "is_active": true, 
            "is_superuser": true, 
            "is_staff": true, 
            "last_login": "2011-06-24 09:46:58", 
            "groups": [], 
            "user_permissions": [], 
            "password": "sha1$1b0a1$59f772dd4d9b642431bbad59eaffa01133852431", 
            "email": "sbriois@cict.fr", 
            "date_joined": "2011-05-03 17:59:39"
        }
    }, 
    {
        "pk": 37, 
        "model": "auth.user", 
        "fields": {
            "username": "briet", 
            "first_name": "Martine", 
            "last_name": "BRIET", 
            "is_active": true, 
            "is_superuser": false, 
            "is_staff": false, 
            "last_login": "2011-06-23 12:40:36", 
            "groups": [], 
            "user_permissions": [], 
            "password": "sha1$cf262$34955d86a2b449ff2029b1f9f1cdf37199704d57", 
            "email": "briet@cict.fr", 
            "date_joined": "2011-06-23 12:40:36"
        }
    }, 
    {
        "pk": 4, 
        "model": "auth.user", 
        "fields": {
            "username": "chailleux", 
            "first_name": "Cathy", 
            "last_name": "CHAILLEUX", 
            "is_active": true, 
            "is_superuser": false, 
            "is_staff": false, 
            "last_login": "2011-06-23 12:22:59", 
            "groups": [], 
            "user_permissions": [], 
            "password": "sha1$0d979$a3b1655dc5417ec2713d0d7e2f14a1bd346c1334", 
            "email": "chailleu@cict.fr", 
            "date_joined": "2011-05-03 17:59:39"
        }
    }, 
    {
        "pk": 25, 
        "model": "auth.user", 
        "fields": {
            "username": "admin", 
            "first_name": "", 
            "last_name": "ADMINISTRATEUR", 
            "is_active": true, 
            "is_superuser": false, 
            "is_staff": false, 
            "last_login": "2011-06-24 09:54:16", 
            "groups": [], 
            "user_permissions": [], 
            "password": "sha1$0924a$b5939ff4f4982a0ae5a89633d53572cfd705401e", 
            "email": "escaffit@cict.fr", 
            "date_joined": "2011-06-21 18:28:56"
        }
    }, 
    {
        "pk": 1, 
        "model": "team.team", 
        "fields": {
            "fullname": "", 
            "is_active": true, 
            "name": "DTROU"
        }
    }, 
    {
        "pk": 2, 
        "model": "team.team", 
        "fields": {
            "fullname": "", 
            "is_active": true, 
            "name": "GLEGU"
        }
    }, 
    {
        "pk": 3, 
        "model": "team.team", 
        "fields": {
            "fullname": "", 
            "is_active": true, 
            "name": "GESTI"
        }
    }, 
    {
        "pk": 4, 
        "model": "team.team", 
        "fields": {
            "fullname": "", 
            "is_active": true, 
            "name": "STOUR"
        }
    }, 
    {
        "pk": 5, 
        "model": "team.team", 
        "fields": {
            "fullname": "", 
            "is_active": true, 
            "name": "MDJAB"
        }
    }, 
    {
        "pk": 6, 
        "model": "team.team", 
        "fields": {
            "fullname": "", 
            "is_active": true, 
            "name": "MSUZA"
        }
    }, 
    {
        "pk": 8, 
        "model": "team.team", 
        "fields": {
            "fullname": "", 
            "is_active": true, 
            "name": "SCULT"
        }
    }, 
    {
        "pk": 9, 
        "model": "team.team", 
        "fields": {
            "fullname": "", 
            "is_active": true, 
            "name": "SMICR"
        }
    }, 
    {
        "pk": 10, 
        "model": "team.team", 
        "fields": {
            "fullname": "", 
            "is_active": true, 
            "name": "SRESE"
        }
    }, 
    {
        "pk": 11, 
        "model": "team.team", 
        "fields": {
            "fullname": "", 
            "is_active": true, 
            "name": "SINFO"
        }
    }, 
    {
        "pk": 12, 
        "model": "team.team", 
        "fields": {
            "fullname": "", 
            "is_active": true, 
            "name": "SLAVP"
        }
    }, 
    {
        "pk": 14, 
        "model": "team.team", 
        "fields": {
            "fullname": "", 
            "is_active": true, 
            "name": "ADMIN"
        }
    }, 
    {
        "pk": 15, 
        "model": "team.team", 
        "fields": {
            "fullname": "", 
            "is_active": true, 
            "name": "SCOMM"
        }
    }, 
    {
        "pk": 25, 
        "model": "team.teammember", 
        "fields": {
            "user": 25, 
            "member_type": 3, 
            "team": 14
        }
    }, 
    {
        "pk": 1, 
        "model": "team.teammember", 
        "fields": {
            "user": 1, 
            "member_type": 0, 
            "team": 14
        }
    }, 
    {
        "pk": 18, 
        "model": "team.teammember", 
        "fields": {
            "user": 18, 
            "member_type": 0, 
            "team": 8
        }
    }, 
    {
        "pk": 19, 
        "model": "team.teammember", 
        "fields": {
            "user": 19, 
            "member_type": 0, 
            "team": 9
        }
    }, 
    {
        "pk": 20, 
        "model": "team.teammember", 
        "fields": {
            "user": 20, 
            "member_type": 0, 
            "team": 10
        }
    }, 
    {
        "pk": 21, 
        "model": "team.teammember", 
        "fields": {
            "user": 21, 
            "member_type": 0, 
            "team": 11
        }
    }, 
    {
        "pk": 22, 
        "model": "team.teammember", 
        "fields": {
            "user": 22, 
            "member_type": 0, 
            "team": 12
        }
    }, 
    {
        "pk": 8, 
        "model": "team.teammember", 
        "fields": {
            "user": 8, 
            "member_type": 0, 
            "team": 2
        }
    }, 
    {
        "pk": 7, 
        "model": "team.teammember", 
        "fields": {
            "user": 7, 
            "member_type": 0, 
            "team": 2
        }
    }, 
    {
        "pk": 29, 
        "model": "team.teammember", 
        "fields": {
            "user": 29, 
            "member_type": 2, 
            "team": 4
        }
    }, 
    {
        "pk": 9, 
        "model": "team.teammember", 
        "fields": {
            "user": 9, 
            "member_type": 1, 
            "team": 3
        }
    }, 
    {
        "pk": 10, 
        "model": "team.teammember", 
        "fields": {
            "user": 10, 
            "member_type": 1, 
            "team": 3
        }
    }, 
    {
        "pk": 36, 
        "model": "team.teammember", 
        "fields": {
            "user": 36, 
            "member_type": 0, 
            "team": 1
        }
    }, 
    {
        "pk": 2, 
        "model": "team.teammember", 
        "fields": {
            "user": 2, 
            "member_type": 0, 
            "team": 1
        }
    }, 
    {
        "pk": 3, 
        "model": "team.teammember", 
        "fields": {
            "user": 3, 
            "member_type": 2, 
            "team": 1
        }
    }, 
    {
        "pk": 15, 
        "model": "team.teammember", 
        "fields": {
            "user": 15, 
            "member_type": 0, 
            "team": 1
        }
    }, 
    {
        "pk": 24, 
        "model": "team.teammember", 
        "fields": {
            "user": 24, 
            "member_type": 2, 
            "team": 2
        }
    }, 
    {
        "pk": 23, 
        "model": "team.teammember", 
        "fields": {
            "user": 23, 
            "member_type": 1, 
            "team": 3
        }
    }, 
    {
        "pk": 37, 
        "model": "team.teammember", 
        "fields": {
            "user": 37, 
            "member_type": 0, 
            "team": 1
        }
    }, 
    {
        "pk": 4, 
        "model": "team.teammember", 
        "fields": {
            "user": 4, 
            "member_type": 0, 
            "team": 1
        }
    }, 
    {
        "pk": 38, 
        "model": "team.teammember", 
        "fields": {
            "user": 38, 
            "member_type": 2, 
            "team": 5
        }
    }, 
    {
        "pk": 39, 
        "model": "team.teammember", 
        "fields": {
            "user": 39, 
            "member_type": 2, 
            "team": 6
        }
    }
]