[
    {
        "pk": 39, 
        "model": "auth.user", 
        "fields": {
            "username": "suzanne", 
            "first_name": "Magali", 
            "last_name": "SUZANNE", 
            "is_active": true, 
            "is_superuser": false, 
            "is_staff": false, 
            "last_login": "2011-06-23 14:36:33", 
            "groups": [], 
            "user_permissions": [], 
            "password": "sha1$bd9a4$bc2ab09fe7041063402a911013b0a834510bfd1c", 
            "email": "msuzanne@cict.fr", 
            "date_joined": "2011-06-23 14:10:53"
        }
    }, 
    {
        "pk": 41, 
        "model": "auth.user", 
        "fields": {
            "username": "quaranta", 
            "first_name": "Muriel", 
            "last_name": "QUARANTA", 
            "is_active": true, 
            "is_superuser": false, 
            "is_staff": false, 
            "last_login": "2011-06-28 09:55:17", 
            "groups": [], 
            "user_permissions": [], 
            "password": "sha1$102df$4d791546b48ddbd321f68c95852123821bcfeb5e", 
            "email": "quaranta@cict.fr", 
            "date_joined": "2011-06-24 17:47:50"
        }
    }, 
    {
        "pk": 45, 
        "model": "auth.user", 
        "fields": {
            "username": "chailleux", 
            "first_name": "Catherine", 
            "last_name": "CHAILLEUX", 
            "is_active": true, 
            "is_superuser": false, 
            "is_staff": false, 
            "last_login": "2011-06-28 15:16:25", 
            "groups": [], 
            "user_permissions": [], 
            "password": "sha1$f4ff1$0e4e0dd6f00d9cebcda84fa10346a46bca091ab7", 
            "email": "chailleu@cict.fr", 
            "date_joined": "2011-06-27 08:56:23"
        }
    }, 
    {
        "pk": 46, 
        "model": "auth.user", 
        "fields": {
            "username": "briet", 
            "first_name": "Martine", 
            "last_name": "BRIET", 
            "is_active": true, 
            "is_superuser": false, 
            "is_staff": false, 
            "last_login": "2011-06-27 09:52:59", 
            "groups": [], 
            "user_permissions": [], 
            "password": "sha1$b039a$0e9b886544fae86889cd6ba89aad3ab142b13e02", 
            "email": "briet@cict.fr", 
            "date_joined": "2011-06-27 09:38:39"
        }
    }, 
    {
        "pk": 2, 
        "model": "auth.user", 
        "fields": {
            "username": "briois", 
            "first_name": "S\u00e9bastien", 
            "last_name": "BRIOIS", 
            "is_active": true, 
            "is_superuser": false, 
            "is_staff": true, 
            "last_login": "2011-06-28 15:50:03", 
            "groups": [], 
            "user_permissions": [], 
            "password": "sha1$cd5de$bfa125209af02e24440bd509debafb3c016bf751", 
            "email": "sbriois@cict.fr", 
            "date_joined": "2011-05-03 17:59:39"
        }
    }, 
    {
        "pk": 1, 
        "model": "auth.user", 
        "fields": {
            "username": "super-user", 
            "first_name": "", 
            "last_name": "ADMINISTRATEUR", 
            "is_active": true, 
            "is_superuser": true, 
            "is_staff": true, 
            "last_login": "2011-07-06 15:58:33", 
            "groups": [], 
            "user_permissions": [], 
            "password": "sha1$1b0a1$59f772dd4d9b642431bbad59eaffa01133852431", 
            "email": "sbriois@cict.fr", 
            "date_joined": "2011-05-03 17:59:39"
        }
    }, 
    {
        "pk": 15, 
        "model": "auth.user", 
        "fields": {
            "username": "escaffit", 
            "first_name": "Fabrice", 
            "last_name": "ESCAFFIT", 
            "is_active": true, 
            "is_superuser": false, 
            "is_staff": true, 
            "last_login": "2011-07-08 00:04:49", 
            "groups": [], 
            "user_permissions": [], 
            "password": "sha1$c41a5$2b39439cac2956e08c612caa0a16e0125d5195c0", 
            "email": "escaffit@cict.fr", 
            "date_joined": "2011-06-21 17:49:20"
        }
    }, 
    {
        "pk": 10, 
        "model": "auth.user", 
        "fields": {
            "username": "lecomte", 
            "first_name": "Patricia", 
            "last_name": "LECOMTE", 
            "is_active": true, 
            "is_superuser": false, 
            "is_staff": false, 
            "last_login": "2011-07-11 12:01:52", 
            "groups": [], 
            "user_permissions": [], 
            "password": "sha1$e42c5$49dc096f0851d66eed8fd4b3cca79933226709ac", 
            "email": "escaffit@cict.fr", 
            "date_joined": "2011-05-03 17:59:40"
        }
    }, 
    {
        "pk": 48, 
        "model": "auth.user", 
        "fields": {
            "username": "informatique", 
            "first_name": "", 
            "last_name": "INFORMATIQUE", 
            "is_active": true, 
            "is_superuser": false, 
            "is_staff": false, 
            "last_login": "2011-07-06 21:52:18", 
            "groups": [], 
            "user_permissions": [], 
            "password": "sha1$035d4$7b7ecb94c94af3860340faaa1f06cb5ed1d7ac49", 
            "email": "escaffit@cict.fr", 
            "date_joined": "2011-07-06 21:52:18"
        }
    }, 
    {
        "pk": 24, 
        "model": "auth.user", 
        "fields": {
            "username": "legube", 
            "first_name": "Ga\u00eblle", 
            "last_name": "LEGUBE", 
            "is_active": true, 
            "is_superuser": false, 
            "is_staff": false, 
            "last_login": "2011-07-11 12:02:43", 
            "groups": [], 
            "user_permissions": [], 
            "password": "sha1$e1333$a42ed64bc6aa2a22280cae5a4a8c617b297854b5", 
            "email": "escaffit@cict.fr", 
            "date_joined": "2011-06-21 18:15:53"
        }
    }, 
    {
        "pk": 47, 
        "model": "auth.user", 
        "fields": {
            "username": "validcom", 
            "first_name": "Validateur", 
            "last_name": "COMMUN", 
            "is_active": true, 
            "is_superuser": false, 
            "is_staff": false, 
            "last_login": "2011-07-08 13:09:18", 
            "groups": [], 
            "user_permissions": [], 
            "password": "sha1$a62a1$e2561fbad94f7acd8262f3414cbdb767401fdf7a", 
            "email": "escaffit@cict.fr", 
            "date_joined": "2011-07-06 21:49:29"
        }
    }, 
    {
        "pk": 25, 
        "model": "auth.user", 
        "fields": {
            "username": "admin", 
            "first_name": "", 
            "last_name": "ADMINISTRATEUR", 
            "is_active": true, 
            "is_superuser": false, 
            "is_staff": false, 
            "last_login": "2011-07-11 12:03:15", 
            "groups": [], 
            "user_permissions": [], 
            "password": "sha1$0924a$b5939ff4f4982a0ae5a89633d53572cfd705401e", 
            "email": "escaffit@cict.fr", 
            "date_joined": "2011-06-21 18:28:56"
        }
    }, 
    {
        "pk": 53, 
        "model": "auth.user", 
        "fields": {
            "username": "pcr", 
            "first_name": "", 
            "last_name": "PCR", 
            "is_active": true, 
            "is_superuser": false, 
            "is_staff": false, 
            "last_login": "2011-07-08 13:08:59", 
            "groups": [], 
            "user_permissions": [], 
            "password": "sha1$d31f1$d7bb3c12e8b22996fd8adc799d81083fb73e4bdc", 
            "email": "escaffit@cict.fr", 
            "date_joined": "2011-07-08 13:08:59"
        }
    }, 
    {
        "pk": 52, 
        "model": "auth.user", 
        "fields": {
            "username": "acmo", 
            "first_name": "", 
            "last_name": "ACMO", 
            "is_active": true, 
            "is_superuser": false, 
            "is_staff": false, 
            "last_login": "2011-07-08 13:08:34", 
            "groups": [], 
            "user_permissions": [], 
            "password": "sha1$62f09$079a5008f03b5f7ccdbd32bf10110a72f2841f0d", 
            "email": "escaffit@cict.fr", 
            "date_joined": "2011-07-08 13:08:34"
        }
    }, 
    {
        "pk": 49, 
        "model": "auth.user", 
        "fields": {
            "username": "larrey", 
            "first_name": "Colette", 
            "last_name": "LARREY", 
            "is_active": true, 
            "is_superuser": false, 
            "is_staff": false, 
            "last_login": "2011-07-06 21:53:10", 
            "groups": [], 
            "user_permissions": [], 
            "password": "sha1$0c3b8$72325fdcb0de80a2a037d1e6aba621a3fc790edd", 
            "email": "escaffit@cict.fr", 
            "date_joined": "2011-07-06 21:53:10"
        }
    }, 
    {
        "pk": 3, 
        "model": "auth.user", 
        "fields": {
            "username": "trouche", 
            "first_name": "Didier", 
            "last_name": "TROUCHE", 
            "is_active": true, 
            "is_superuser": false, 
            "is_staff": false, 
            "last_login": "2011-07-11 15:35:12", 
            "groups": [], 
            "user_permissions": [], 
            "password": "sha1$b963c$73ee125b2429230e14443730ddbb7b7850cbe32f", 
            "email": "escaffit@cict.fr", 
            "date_joined": "2011-05-03 17:59:39"
        }
    }, 
    {
        "pk": 9, 
        "model": "auth.user", 
        "fields": {
            "username": "tristani", 
            "first_name": "M-Christine", 
            "last_name": "TRISTANI", 
            "is_active": true, 
            "is_superuser": false, 
            "is_staff": false, 
            "last_login": "2011-07-11 15:35:34", 
            "groups": [], 
            "user_permissions": [], 
            "password": "sha1$d1cff$346ba9cfbcdcdfe1ab45a45ecefb2f911fdcb641", 
            "email": "escaffit@cict.fr", 
            "date_joined": "2011-05-03 17:59:40"
        }
    }, 
    {
        "pk": 50, 
        "model": "auth.user", 
        "fields": {
            "username": "validmicr", 
            "first_name": "Validateur", 
            "last_name": "MICROSCOPIE", 
            "is_active": true, 
            "is_superuser": false, 
            "is_staff": false, 
            "last_login": "2011-07-07 22:49:05", 
            "groups": [], 
            "user_permissions": [], 
            "password": "sha1$ba30d$70215ee46b547e6b0cadfd1cf1e4415b7a2fc292", 
            "email": "escaffit@cict.fr", 
            "date_joined": "2011-07-06 21:56:25"
        }
    }, 
    {
        "pk": 18, 
        "model": "auth.user", 
        "fields": {
            "username": "culture", 
            "first_name": "", 
            "last_name": "CULTURE", 
            "is_active": true, 
            "is_superuser": false, 
            "is_staff": false, 
            "last_login": "2011-07-07 22:53:08", 
            "groups": [], 
            "user_permissions": [], 
            "password": "sha1$bea06$9e5af0a1878687be79722fb7f2ca3852dbf1a2c8", 
            "email": "escaffit@cict.fr", 
            "date_joined": "2011-06-21 18:04:35"
        }
    }, 
    {
        "pk": 19, 
        "model": "auth.user", 
        "fields": {
            "username": "microscopie", 
            "first_name": "", 
            "last_name": "MICROSCOPIE", 
            "is_active": true, 
            "is_superuser": false, 
            "is_staff": false, 
            "last_login": "2011-07-07 22:59:19", 
            "groups": [], 
            "user_permissions": [], 
            "password": "sha1$64f64$c62032b931a3d96ddca98936a6b15d923cd0084a", 
            "email": "escaffit@cict.fr", 
            "date_joined": "2011-06-21 18:07:22"
        }
    }, 
    {
        "pk": 23, 
        "model": "auth.user", 
        "fields": {
            "username": "kandel", 
            "first_name": "S\u00e9bastien", 
            "last_name": "KANDEL", 
            "is_active": true, 
            "is_superuser": false, 
            "is_staff": false, 
            "last_login": "2011-07-07 23:47:13", 
            "groups": [], 
            "user_permissions": [], 
            "password": "sha1$46aca$fe3a90c8c90bd558572a0edab81fac4f6f1a7c16", 
            "email": "escaffit@cict.fr", 
            "date_joined": "2011-06-21 18:15:16"
        }
    }, 
    {
        "pk": 29, 
        "model": "auth.user", 
        "fields": {
            "username": "tournier", 
            "first_name": "Sylvie", 
            "last_name": "TOURNIER", 
            "is_active": true, 
            "is_superuser": false, 
            "is_staff": false, 
            "last_login": "2011-06-21 22:59:06", 
            "groups": [], 
            "user_permissions": [], 
            "password": "sha1$be9e3$562252bf4d256903a34ac4cfc51da49bc9ba2f52", 
            "email": "tournier@cict.fr", 
            "date_joined": "2011-06-21 22:59:06"
        }
    }, 
    {
        "pk": 38, 
        "model": "auth.user", 
        "fields": {
            "username": "djabali", 
            "first_name": "Malek", 
            "last_name": "DJABALI", 
            "is_active": true, 
            "is_superuser": false, 
            "is_staff": false, 
            "last_login": "2011-06-26 10:40:46", 
            "groups": [], 
            "user_permissions": [], 
            "password": "sha1$0274f$a8b6e8aa74f790d7b1ebe00f89ad6cfe065b9ff2", 
            "email": "djabali@cict.fr", 
            "date_joined": "2011-06-23 14:10:19"
        }
    }, 
    {
        "pk": 51, 
        "model": "auth.user", 
        "fields": {
            "username": "juffroy", 
            "first_name": "Gwenaelle ", 
            "last_name": "JUFFROY", 
            "is_active": true, 
            "is_superuser": false, 
            "is_staff": false, 
            "last_login": "2011-07-08 14:25:46", 
            "groups": [], 
            "user_permissions": [], 
            "password": "sha1$2dde6$5283b3705c9fe6f17161e0c47a792ddaa68cc87e", 
            "email": "escaffit@cict.fr", 
            "date_joined": "2011-07-06 22:03:38"
        }
    }, 
    {
        "pk": 14, 
        "model": "team.team", 
        "fields": {
            "fullname": "ADMINISTRATEURS", 
            "is_active": true, 
            "name": "ADMIN"
        }
    }, 
    {
        "pk": 5, 
        "model": "team.team", 
        "fields": {
            "fullname": "DJABALI", 
            "is_active": true, 
            "name": "DJABALI"
        }
    }, 
    {
        "pk": 3, 
        "model": "team.team", 
        "fields": {
            "fullname": "GESTION", 
            "is_active": true, 
            "name": "GESTION"
        }
    }, 
    {
        "pk": 2, 
        "model": "team.team", 
        "fields": {
            "fullname": "LEGUBE", 
            "is_active": true, 
            "name": "LEGUBE"
        }
    }, 
    {
        "pk": 15, 
        "model": "team.team", 
        "fields": {
            "fullname": "- Service COMMUN", 
            "is_active": true, 
            "name": "- SCOMM"
        }
    }, 
    {
        "pk": 8, 
        "model": "team.team", 
        "fields": {
            "fullname": "- Service CULTURE", 
            "is_active": true, 
            "name": "- SCULT"
        }
    }, 
    {
        "pk": 9, 
        "model": "team.team", 
        "fields": {
            "fullname": "- Service MICROSCOPIE", 
            "is_active": true, 
            "name": "- SMICR"
        }
    }, 
    {
        "pk": 6, 
        "model": "team.team", 
        "fields": {
            "fullname": "SUZANNE", 
            "is_active": true, 
            "name": "SUZANNE"
        }
    }, 
    {
        "pk": 4, 
        "model": "team.team", 
        "fields": {
            "fullname": "TOURNIER", 
            "is_active": true, 
            "name": "TOURNIER"
        }
    }, 
    {
        "pk": 1, 
        "model": "team.team", 
        "fields": {
            "fullname": "TROUCHE", 
            "is_active": true, 
            "name": "TROUCHE"
        }
    }, 
    {
        "pk": 25, 
        "model": "team.teammember", 
        "fields": {
            "user": 25, 
            "member_type": 3, 
            "team": 14
        }
    }, 
    {
        "pk": 1, 
        "model": "team.teammember", 
        "fields": {
            "user": 1, 
            "member_type": 0, 
            "team": 14
        }
    }, 
    {
        "pk": 38, 
        "model": "team.teammember", 
        "fields": {
            "user": 38, 
            "member_type": 2, 
            "team": 5
        }
    }, 
    {
        "pk": 23, 
        "model": "team.teammember", 
        "fields": {
            "user": 23, 
            "member_type": 5, 
            "team": 3
        }
    }, 
    {
        "pk": 50, 
        "model": "team.teammember", 
        "fields": {
            "user": 51, 
            "member_type": 4, 
            "team": 3
        }
    }, 
    {
        "pk": 9, 
        "model": "team.teammember", 
        "fields": {
            "user": 9, 
            "member_type": 4, 
            "team": 3
        }
    }, 
    {
        "pk": 10, 
        "model": "team.teammember", 
        "fields": {
            "user": 10, 
            "member_type": 1, 
            "team": 3
        }
    }, 
    {
        "pk": 24, 
        "model": "team.teammember", 
        "fields": {
            "user": 24, 
            "member_type": 2, 
            "team": 2
        }
    }, 
    {
        "pk": 46, 
        "model": "team.teammember", 
        "fields": {
            "user": 47, 
            "member_type": 2, 
            "team": 15
        }
    }, 
    {
        "pk": 51, 
        "model": "team.teammember", 
        "fields": {
            "user": 52, 
            "member_type": 0, 
            "team": 15
        }
    }, 
    {
        "pk": 47, 
        "model": "team.teammember", 
        "fields": {
            "user": 48, 
            "member_type": 0, 
            "team": 15
        }
    }, 
    {
        "pk": 48, 
        "model": "team.teammember", 
        "fields": {
            "user": 49, 
            "member_type": 0, 
            "team": 15
        }
    }, 
    {
        "pk": 52, 
        "model": "team.teammember", 
        "fields": {
            "user": 53, 
            "member_type": 0, 
            "team": 15
        }
    }, 
    {
        "pk": 18, 
        "model": "team.teammember", 
        "fields": {
            "user": 18, 
            "member_type": 2, 
            "team": 8
        }
    }, 
    {
        "pk": 49, 
        "model": "team.teammember", 
        "fields": {
            "user": 50, 
            "member_type": 2, 
            "team": 9
        }
    }, 
    {
        "pk": 19, 
        "model": "team.teammember", 
        "fields": {
            "user": 19, 
            "member_type": 0, 
            "team": 9
        }
    }, 
    {
        "pk": 39, 
        "model": "team.teammember", 
        "fields": {
            "user": 39, 
            "member_type": 2, 
            "team": 6
        }
    }, 
    {
        "pk": 29, 
        "model": "team.teammember", 
        "fields": {
            "user": 29, 
            "member_type": 2, 
            "team": 4
        }
    }, 
    {
        "pk": 3, 
        "model": "team.teammember", 
        "fields": {
            "user": 3, 
            "member_type": 5, 
            "team": 1
        }
    }, 
    {
        "pk": 45, 
        "model": "team.teammember", 
        "fields": {
            "user": 46, 
            "member_type": 0, 
            "team": 1
        }
    }, 
    {
        "pk": 2, 
        "model": "team.teammember", 
        "fields": {
            "user": 2, 
            "member_type": 0, 
            "team": 1
        }
    }, 
    {
        "pk": 44, 
        "model": "team.teammember", 
        "fields": {
            "user": 45, 
            "member_type": 0, 
            "team": 1
        }
    }, 
    {
        "pk": 15, 
        "model": "team.teammember", 
        "fields": {
            "user": 15, 
            "member_type": 0, 
            "team": 1
        }
    }, 
    {
        "pk": 41, 
        "model": "team.teammember", 
        "fields": {
            "user": 41, 
            "member_type": 0, 
            "team": 1
        }
    }
]